idno,tail,head
"892058820","65181913","929221967"
"1202859687","65182218","1147089034"
"55228101","65181859","65181853"
"1202841601","1147078829","65172596"
"55226323","65183722","65183726"
"825501401","881237164","806309216"
"825627106","65181773","881319296"
"888356613","65172809","926004544"
"55237150","65172918","65172921"
"55228418","65172815","65172843"
"822750725","65172936","879322923"
"822674136","879274176","65182014"
"55228854","65172806","65172798"
"999321188","65181994","1008538636"
"55228103","65172812","65172811"
"55229563","65182094","65182071"
"1202859571","65182335","1147088971"
"999336644","1008547522","1008518029"
"55229688","65182065","65181806"
"727815598","813348442","595856538"
"1103464937","1083405050","65181882"
"888355802","65172526","926004102"
"1220302247","1158104779","65183192"
"55227482","65182293","65182294"
"55228074","65172847","65172845"
"55229952","65181784","65181780"
"55227013","65181912","65181908"
"55226053","65174641","65174643"
"55227565","65182328","65182324"
"55225903","65174712","65174787"
"55228095","65183205","65183164"
"1220494539","1148273894","1158227664"
"55228186","65172963","65172939"
"55228027","65172850","65172847"
"55236068","65172895","65172894"
"55228379","65172513","65172519"
"1220281690","1158092064","65172536"
"822739797","65172312","879315947"
"55229455","65172783","65172777"
"822751278","65172622","879323262"
"55228608","65183162","65183152"
"55228002","65172816","65172818"
"1176423784","65172545","1130983605"
"55230069","65181778","65181782"
"55227921","65172816","65172863"
"55228060","65183186","65183239"
"55230075","65172648","65172621"
"1164953281","1123616286","65172483"
"1176300515","1130912018","1130912019"
"1103462086","1083403183","65174819"
"55230258","65172281","65172280"
"55226253","65174818","65174817"
"59048655","65172236","65172238"
"998662931","1008131865","882216059"
"1220245268","1158068457","65172782"
"55229341","65182271","65182073"
"59613514","540408217","540635758"
"584418570","718966171","65171211"
"1220137787","1158000112","1008352945"
"55229065","65182272","65182271"
"822750731","879322925","65172810"
"1176410307","1130912019","1130976018"
"55226191","65183645","65183644"
"55228567","65172971","65181816"
"1220203935","65181780","1158042731"
"55229890","65181789","65181781"
"55227840","65172888","65172882"
"55229525","65172776","65172781"
"717637436","65171215","806309214"
"55227541","65172860","65172857"
"851319790","898926777","758602666"
"55226951","65181921","65181979"
"55227011","65181882","65181878"
"1220416425","1158179641","1158138370"
"1220185138","65172273","1158030921"
"55226877","65181921","65183716"
"822727993","65172360","879308140"
"592395974","758594768","758594783"
"55230068","65182075","65182076"
"55230090","65181756","65181778"
"822647970","879256537","65172203"
"55229775","65172389","65172387"
"822764624","879331634","65181725"
"55236465","65172752","65172751"
"1220196945","1158038801","65172434"
"825501783","881237351","806309214"
"998641549","1008118375","65172874"
"55229640","65182069","65182068"
"822728715","879308619","65182452"
"55228902","65181838","65181832"
"822744730","65172304","879319105"
"888351893","926001982","65173001"
"55235952","65172830","65172829"
"763652125","65181852","838185200"
"822654659","879261127","879261126"
"1220137917","1158000183","1158000077"
"55227565","65182324","65182328"
"1176388296","1130914844","1130963391"
"998641553","65182211","1008118377"
"55229414","65181707","65181710"
"55227874","65172854","65172855"
"1220137916","880238169","1158000183"
"55228981","65172941","65172940"
"55226937","65173017","65173016"
"822661390","65172287","879265771"
"55228477","65172808","65172513"
"55226957","65182308","65182319"
"822738669","65172662","879315258"
"888360891","65172785","926007023"
"55228638","65172932","65172915"
"55230493","65172594","65172595"
"891795701","929054049","65181738"
"888355789","65172904","926004097"
"59588348","540371290","65174654"
"822727978","879308134","65172363"
"891833013","65181965","929077582"
"55228044","65172855","65172811"
"55236477","65172910","65172911"
"55225979","65174672","65174703"
"55229380","65182239","65182238"
"888435525","926051106","65182360"
"55228523","65181827","65181852"
"888420269","65182076","926042149"
"59611318","540635100","65172840"
"55230437","65172593","65172325"
"822727339","65183186","879307715"
"822779811","65181783","879341222"
"55229517","65172681","65172743"
"543237383","595868409","65182306"
"55228427","65182268","65182265"
"55229160","65172949","65181702"
"55227649","65172856","65172862"
"55226373","65174776","65174777"
"55228758","65182380","65182378"
"55228959","65181833","65181842"
"822654661","879261128","65172362"
"55226539","65183766","65183768"
"589121985","742752811","742752812"
"772971656","65172864","844677483"
"55229477","65172684","65172680"
"55228597","65172505","65172502"
"55228905","65182274","65182272"
"543237390","65183647","595868413"
"584418567","718966170","65171211"
"1203696752","1147601033","65182216"
"822750700","65172987","879322911"
"584402153","718946786","65174448"
"584402627","65172774","718947191"
"1223245462","65182390","65182381"
"888333955","925992143","838185198"
"55229948","65172221","65172226"
"891766468","929036093","65181949"
"1165432066","1123905734","879242831"
"55228680","65172944","65172943"
"543230493","595856536","65172789"
"543230506","65181707","595856541"
"822647971","65172228","879256537"
"55229457","65181787","65181788"
"55228248","65181828","65181852"
"55226229","65174828","65183635"
"55228885","65181939","65181941"
"1220301025","1158104138","65183207"
"55228624","65182269","65182273"
"824086462","65183631","880238267"
"55230487","65172595","65172593"
"999000212","65183661","1008352936"
"1220208252","1158045113","852920089"
"55229300","65182243","65182241"
"59048655","65172238","65172236"
"1165476915","65182321","1123932402"
"55228211","65181955","65181957"
"891842017","929083243","65181844"
"584402627","718947191","65172774"
"1000052338","1009005520","718946788"
"1220196946","1154634223","1158038801"
"55228550","65172925","65172932"
"589122037","742752975","65172414"
"55228539","65172504","65172503"
"55271974","65174436","65172570"
"891810706","65172906","65172905"
"55236670","65183186","65183187"
"55228284","65181959","65182265"
"1220245211","65172785","1158068417"
"1101663362","65172957","1082248338"
"55226162","65174652","65174650"
"999321187","65172867","1008538635"
"888355021","926003642","65183767"
"55226846","65174814","65173017"
"55227624","65172555","65172552"
"824087613","880238991","838185196"
"824144084","65172859","880275011"
"55236415","65181956","65181989"
"55229161","65181942","65181940"
"822722952","65172479","879304824"
"822764625","65181719","879331634"
"822661235","65172273","879265695"
"999286860","1008518029","595868413"
"799401671","863207280","65182238"
"55229381","65181805","65181940"
"55230464","65172307","65172592"
"55228294","65172981","65172970"
"55228305","65172846","65172844"
"822744980","65182093","879319273"
"55228585","65172507","65172509"
"55236423","65181813","65172950"
"851401243","65182386","898976095"
"55230463","65172593","65172592"
"55225685","65174809","65174801"
"55228166","65181860","65181859"
"55235966","65172797","65172800"
"55226814","65182313","65182310"
"1202859687","1147089034","65182218"
"55227581","65172856","65172864"
"55225957","65174673","65174671"
"1165818155","1124167623","65182023"
"55271984","65172434","65172428"
"55225759","65174832","65174834"
"55225980","65174673","65174674"
"55230218","65182028","65182027"
"55226321","65183640","65183641"
"822738681","879315263","879315258"
"888381360","926018923","65172661"
"55228442","65181828","65181823"
"55228474","65172844","65172842"
"888433828","926050166","65172280"
"727576140","65174844","65174841"
"55236405","65172525","65172526"
"55229338","65172747","65172684"
"999000216","1008352939","65183661"
"55228617","65172943","65172954"
"1202841604","65172651","1147078830"
"55227897","65172999","65172985"
"822745122","879319342","838166279"
"888357371","65172834","926005009"
"825501399","849129244","881237163"
"1220203980","65181775","1158042759"
"785019360","65181994","852921520"
"543230353","65174673","65174644"
"543231085","65182352","65182355"
"592395963","758594768","758594759"
"543231474","65181776","595858184"
"55272029","65182315","65182311"
"55228427","65182265","65182268"
"55230350","65172323","65172316"
"55228778","65182274","65182273"
"55235508","65183731","65183730"
"55235893","65173041","65174820"
"1220492714","1158226809","926042145"
"55227344","65181914","65181894"
"55236470","65172672","65172671"
"822751279","879323263","65172619"
"55229310","65172762","65172779"
"55229438","65172651","65172652"
"1220359178","65183217","1158139973"
"1176423781","1130914843","1130983604"
"822794244","65172427","879350768"
"822773135","65181719","879336929"
"824101638","880247874","65172513"
"55227807","65172889","65172888"
"55227191","65172903","65172901"
"888351909","540635086","926001988"
"55226837","65182312","65182313"
"888355765","65172885","926004086"
"763652123","838185199","65172830"
"888355019","926003641","65183771"
"55228223","65172843","65172817"
"998641552","1008118377","65182199"
"55229152","65172779","65172941"
"55236475","65172751","65172749"
"55229428","65182214","65182217"
"822674134","879274175","65182015"
"888355027","926003644","926003641"
"55229363","65182074","65182073"
"55228709","65172829","65172807"
"1176300512","1130912017","1130912016"
"55229356","65172685","65172748"
"888361113","758594763","926007156"
"891815030","929065986","65172909"
"59613106","540635682","65181956"
"888355776","926004091","65172897"
"55228580","65182371","65182391"
"999000213","1008352937","65183669"
"1220196740","1158038702","65172875"
"543237407","595868424","65183646"
"1220137704","1158000069","65183646"
"55229238","65172749","65172747"
"543231473","595858046","595858184"
"55229421","65182217","65182219"
"55226332","65174784","65174783"
"55227227","65182339","65182340"
"55228253","65183217","65183174"
"55272030","65182305","65182303"
"55228152","65172850","65172846"
"55227025","65182343","65182336"
"824086652","880238386","65172814"
"55227819","65181889","65181885"
"888357372","926005009","65172842"
"891838158","926051439","929080828"
"892058820","929221967","65181913"
"55229187","65172911","65172750"
"55227214","65172876","65172877"
"1202846596","1147081744","65182339"
"55235952","65172829","65172830"
"55271840","65172211","65172235"
"55271972","65172528","65172529"
"543230509","595856543","595856541"
"55226434","65183628","65174823"
"821633252","65183194","878510675"
"55227387","65173042","65173021"
"55226040","65183724","65183741"
"55226103","65174785","65174781"
"543231043","540631817","65172984"
"59619719","65181851","540646818"
"59612940","65181989","65181990"
"55228063","65181825","65181826"
"55229292","65172363","65172367"
"998662929","65174437","1008131864"
"55228960","65181832","65181833"
"55229044","65172796","65172795"
"55229060","65182382","65182385"
"55227474","65172883","65172865"
"55225956","65174671","65174674"
"55227391","65172886","65172885"
"822750729","879322924","65172523"
"55227960","65172984","65172929"
"55225621","65174792","65174795"
"55227432","65181894","65181967"
"55229675","65182211","65182210"
"999336643","545846350","1008547522"
"55227476","65181879","65181872"
"1220360959","1158140985","65172781"
"55229483","65181795","65181794"
"55228822","65181842","65181840"
"55229062","65181923","65181924"
"55229692","65181706","65181696"
"55229902","65181800","65182060"
"55228566","65181823","65181816"
"55227968","65172499","65172534"
"779396497","742752813","849129244"
"55225866","65174706","65174705"
"55229736","65182064","65182079"
"55230300","65172286","65172312"
"1202248745","1146707625","65174801"
"1220209888","1158045985","65172488"
"1092020886","65172937","1074893819"
"55228239","65172518","65172519"
"1220247353","1158069627","65182359"
"821633253","878510676","878510675"
"55227160","65181907","65181903"
"55235693","65174672","65174674"
"1219386788","1157493078","65172543"
"55236509","65172508","65172505"
"55228493","65172490","65172494"
"55230613","65172305","65172594"
"55229716","65181696","65181695"
"55226433","65183629","65183628"
"55229083","65182276","65182275"
"1220384113","1151219941","1158157834"
"55227807","65172888","65172889"
"888360908","926007034","65181701"
"888333957","820126730","925992144"
"543246300","595888798","65181813"
"1202248708","65174713","1146707601"
"55234620","65182352","65182279"
"543230539","65181741","595856886"
"1209615476","1151219938","1130912817"
"1119281761","1094061933","65172498"
"822797911","65172908","879353025"
"824086659","880238388","65172839"
"1165432067","1123905734","65172222"
"888351912","926001980","926001991"
"888340368","925995802","540635085"
"55228947","65182357","65182360"
"822738682","879315263","65172666"
"55229210","65172947","65172780"
"1176289972","65174437","1130905824"
"822800261","879354645","65174697"
"1176413664","1130912817","925992143"
"1220024932","65182210","1157926621"
"1203392147","879260492","1147407631"
"891767345","65182253","929036662"
"825627107","881319296","65181783"
"1220207990","1158044962","65182330"
"55226866","65172908","65173006"
"785019361","852921520","838166278"
"888355801","65172527","926004102"
"888356355","540635111","926004402"
"55228222","65172845","65172843"
"1220203902","1147092268","1158042714"
"55226372","65174777","65174780"
"822722262","879304370","879304369"
"55235949","65172836","65172834"
"543231085","65182355","65182352"
"1220246124","1158068960","879336929"
"822621766","879238258","65172221"
"825501786","881237352","849142204"
"950304698","971071820","65182434"
"1220245268","65172782","1158068457"
"59611306","65181962","540633124"
"55236580","65183659","65183660"
"55235524","65174809","65174806"
"55226011","65174643","65174644"
"55226224","65183644","65183643"
"888355802","926004102","65172526"
"55228650","65181925","65181938"
"55228778","65182273","65182274"
"55230380","65172310","65172322"
"1103454615","65181786","1083398663"
"55229753","65181720","65181698"
"888361645","926007481","65172928"
"763652123","65172830","838185199"
"592395953","758594750","595858729"
"55226788","65184014","65182315"
"822793914","65182083","879350566"
"998641559","1008118380","65172853"
"55230034","65181798","65181799"
"1220416426","1158179641","65172782"
"55225685","65174801","65174809"
"824086657","65172921","880238387"
"822739799","879315948","879315949"
"822740799","879316614","65172479"
"55226809","65172873","718946837"
"824136641","65182341","880270366"
"55228176","65172931","65172938"
"55228555","65172969","65172945"
"1202841605","1147078831","65172651"
"1220207872","1158044888","65182312"
"1202864948","1130905820","1147091953"
"55229674","65182211","65182216"
"1220137743","1158000087","65174811"
"888435526","838166283","926051106"
"55230100","65172623","65172663"
"888360901","926007030","758594740"
"888381357","926018922","65172656"
"55229617","65172652","65172394"
"543231438","65183666","595858157"
"55226059","65183646","65183645"
"55230494","65172592","65172594"
"851401243","898976095","65182386"
"55228865","65172827","65172831"
"888351900","65173013","926001985"
"59607515","65172938","540631818"
"55230594","65172306","65172303"
"888356614","65172813","926004545"
"1210058307","65174636","1151492692"
"55271780","65183209","65183208"
"888357238","926004920","65172515"
"888355016","65183769","926003639"
"55236390","65172291","65172290"
"1103462088","65174819","1083403184"
"785017266","852920097","65182322"
"55226992","65172902","65172907"
"55229668","65172657","65172668"
"55236035","65172958","65172957"
"55229716","65181695","65181696"
"55227483","65172895","65172891"
"55236547","65172528","65172460"
"888356357","926004403","65172495"
"55229069","65172920","65172916"
"999336642","595859730","1008547521"
"1220197181","1158038936","925992150"
"1202248708","1146707601","65174713"
"1204821390","65172283","1148273894"
"1203392146","1147407631","838346665"
"55226353","65174824","65174818"
"543242348","595868415","545846349"
"55228799","65172944","65172942"
"55227093","65182335","65182334"
"55271781","65183208","65183206"
"888416697","926039888","65172982"
"55228045","65172811","65172527"
"55235508","65183730","65183731"
"891815029","65172908","929065986"
"59611316","65172914","540635099"
"55226393","65183661","65183660"
"822740800","879304824","879316615"
"888357237","65172521","926004920"
"55230486","65172595","65172612"
"824103475","880249054","65172797"
"55236486","65181869","65181863"
"891767347","929036663","65181944"
"59611676","540635238","65174646"
"55228792","65181951","65181946"
"59619727","65181822","65181821"
"55229322","65182217","65182218"
"55227828","65183210","65183208"
"55227686","65181865","65173025"
"55228277","65183164","65183160"
"55226354","65183630","65183629"
"717637444","806309216","742752733"
"55228472","65172969","65172971"
"55229908","65172227","65172223"
"59048654","65172232","65172236"
"543320027","65174618","1009005519"
"55228380","65172960","65172966"
"888360568","65172987","926006808"
"824090473","65182324","880240782"
"1220137916","1158000183","880238169"
"824088231","65181959","880239370"
"543232241","65181829","595859630"
"1176295686","1130909193","718946815"
"880739072","920127256","65181696"
"55226643","65172873","65174437"
"543237393","65183648","595868425"
"55228901","65172485","65172501"
"55227160","65181903","65181907"
"888357381","926005013","540635100"
"1220301519","1158104385","65172822"
"55229827","65172668","65172665"
"822730819","65181929","879310020"
"822730828","65181989","879310023"
"55226423","65174784","65174778"
"543237387","595868411","65182306"
"55229027","65181832","65181819"
"55227018","65173035","65173037"
"822730820","879310020","65181965"
"824094670","65172995","880243351"
"824086651","65172834","880238385"
"55228672","65172512","65172509"
"55229045","65181833","65181831"
"1220208152","880242946","1158045060"
"1202500795","65174671","1146861220"
"55230295","65182029","65182022"
"55228591","65172807","65172814"
"55228765","65181938","65181945"
"55229024","65172941","65172947"
"1165818154","1124167623","65182026"
"1148159902","65172795","540632908"
"1165818155","65182023","1124167623"
"55228221","65172518","65172522"
"584418570","65171211","718966171"
"55236437","65172853","65172559"
"55228895","65182254","65182260"
"822779809","879341221","65181779"
"55226329","65174779","65174776"
"55235005","65182451","65182452"
"59611291","540635088","65172998"
"998930846","929077582","1008312323"
"1103464936","1083405049","65181909"
"55230142","65181776","65181773"
"1215024192","1130914842","1130914843"
"822761226","65183718","879329490"
"55230257","65172286","65172282"
"822744731","65172592","879319105"
"999286860","595868413","1008518029"
"888351895","926001983","540635086"
"998930849","65172804","1008312325"
"55228800","65172924","65172942"
"822728716","879308619","65182433"
"55237151","65172918","65172917"
"1220138130","65183730","1158000293"
"822750721","65172521","879322921"
"891759628","65181958","929031867"
"55228481","65172935","65172951"
"1220301518","718946975","1158104385"
"55227090","65173033","65173035"
"822779811","879341222","65181783"
"55228382","65182282","65182281"
"55228614","65182370","65182362"
"55228426","65182268","65182270"
"822794115","65182383","879350701"
"822794261","65183641","879350777"
"1176389132","1130912016","1130963821"
"55234614","65182218","65182222"
"822740801","65172502","879316615"
"1202841603","1147078830","65172645"
"55227644","65172556","65172555"
"1220207891","1158044900","65182312"
"891839942","929081939","65181715"
"55226813","65182313","65184028"
"55227885","65172881","65172863"
"55226938","65173016","65173014"
"822674135","838188380","879274175"
"55236345","65181778","65181779"
"1202500794","65174643","1146861220"
"998641548","65172869","1008118375"
"1119381308","65181701","1094121033"
"543231296","595858046","65181774"
"55227846","65183210","65183207"
"888355013","65183771","926003638"
"55226483","65183632","65183631"
"55228967","65182261","65182262"
"1220207991","1084081463","1158044962"
"888355808","65172859","926004105"
"1202860066","65182340","1147089222"
"55230332","65172285","65172310"
"55225876","65174713","65174789"
"822727339","879307715","65183186"
"999321186","1008538635","65172868"
"55230005","65172226","65172229"
"1176423782","1130983604","65172529"
"824144084","880275011","65172859"
"55227092","65181907","65181906"
"592395958","758594763","758594766"
"1220245285","1158068468","65181706"
"1220247296","1158069604","65182083"
"888417163","65172973","926040177"
"55229125","65172821","65172683"
"822738681","879315258","879315263"
"55226452","65183721","65183730"
"732272742","816465163","65172242"
"55272027","65182313","65182315"
"717637441","718966171","806309215"
"822751279","65172619","879323263"
"55227624","65172552","65172555"
"55227918","65172558","65172525"
"589122013","595988112","65172488"
"1104527914","65182308","1084081463"
"55230059","65182062","65182075"
"880739074","65181689","920127257"
"891788939","929049931","65181706"
"1220203936","1158042731","65181781"
"55230418","65172605","65172325"
"55226678","65183730","65183720"
"55226790","65182310","65183775"
"888360909","65181703","926007034"
"1220356397","1158068417","1158138370"
"1103464935","65181882","1083405049"
"1220246124","879336929","1158068960"
"55229244","65172751","65172753"
"55229891","65181781","65181726"
"824086299","880238169","65183647"
"59611305","540633124","65181965"
"55236394","65172282","65172281"
"543258903","65172426","595988113"
"55228283","65182266","65182265"
"55230160","65181775","65181776"
"1202859617","1082173018","1147088996"
"888433829","65172275","926050166"
"543237387","65182306","595868411"
"543237403","595868422","65183664"
"757982612","834488904","65174841"
"55228075","65172818","65172845"
"55229378","65172743","65172746"
"55228245","65172811","65172520"
"1119281760","540635112","1094061932"
"55226655","65174820","65174821"
"55236344","65181725","65181724"
"55227012","65181878","65181877"
"822649688","65172230","879257731"
"822739797","879315947","65172312"
"55226915","65173014","65173009"
"55235693","65174674","65174672"
"55225780","65174790","65174788"
"822661235","879265695","65172273"
"577767859","638565124","638567207"
"55229572","65181803","65181794"
"824101637","65172509","880247874"
"824153089","880280492","65172884"
"822739798","879315948","65172609"
"543320037","596424129","596423918"
"55229153","65172779","65172920"
"55227293","65172883","65172878"
"55227694","65172557","65172556"
"888367126","926010660","65172492"
"59611675","65174621","540635238"
"55230256","65172318","65172286"
"55230413","65172612","65172609"
"1202719312","65181926","1146994163"
"888361116","718946837","926007157"
"1000127247","1008352938","1008352939"
"1203392147","1147407631","879260492"
"55228785","65172794","65172807"
"851401244","65182383","898976095"
"1219386787","65172544","1157493078"
"822794116","65182380","879350701"
"822739794","65172325","879315945"
"822661389","879265770","65172274"
"1119381307","1094121033","65172786"
"822730820","65181965","879310020"
"55229231","65181792","65181923"
"55227818","65173000","65173018"
"711738709","749445156","65181933"
"59611352","540635115","65172804"
"1211052083","65172498","65172496"
"1220998926","1158570210","926007483"
"55228272","65181927","65181930"
"55226659","65172874","65174621"
"1176289964","1130905819","65172432"
"1220209888","65172488","1158045985"
"55226369","65183633","65183630"
"55229639","65182071","65182069"
"55229725","65181806","65181802"
"55230436","65172593","65172609"
"891842018","65181922","929083244"
"55236468","65172774","65172773"
"55236460","65182390","65182383"
"55228531","65182269","65182268"
"55227064","65173012","65173031"
"1202500794","1146861220","65174643"
"55227727","65172888","65172890"
"1220302246","65183195","1158104779"
"592395967","758594756","758594770"
"824087612","880238991","65172853"
"55236463","65172783","65172782"
"55229934","65172385","65172388"
"998641558","65172526","1008118380"
"822665792","65172383","879268657"
"55227243","65172878","65172877"
"569159351","644946062","65172220"
"55227777","65181871","65181884"
"1220137667","1158000051","1158000050"
"1220209897","1158045986","718947230"
"59611322","540635102","65172927"
"55229491","65172685","65172682"
"55229041","65172837","65172828"
"822797911","879353025","65172908"
"55227604","65173026","65173027"
"55230140","65172235","65172218"
"55229381","65181940","65181805"
"543242349","545846350","595868415"
"55229057","65172475","65172477"
"824086952","880238565","65181932"
"824094665","65172894","880243349"
"55229980","65181779","65181780"
"55228295","65172970","65172966"
"55228306","65172844","65172843"
"55236407","65172516","65172518"
"55234620","65182279","65182352"
"55235122","65181839","65181827"
"1103328461","1083326278","879238249"
"1220496238","881234584","1158228502"
"577767860","540408216","638567207"
"55235078","65182256","65182258"
"822728002","65172361","879308143"
"55228180","65182326","65182367"
"783547805","758594759","851881277"
"891795704","929054050","65181736"
"1220235344","1147078831","1158061956"
"1119281756","1094061928","1094061930"
"55226481","65174622","65174620"
"55229872","65172246","65172240"
"822728704","65183184","879308615"
"55227188","65172876","65172868"
"822739802","879315950","65172384"
"55228759","65182362","65182378"
"822739795","879315946","879315945"
"55227127","65182420","65182341"
"55227840","65172882","65172888"
"55228448","65182371","65182369"
"824136643","65182340","880270367"
"55227882","65173022","65173018"
"55225802","65174791","65174799"
"592395948","758594740","816465164"
"1218354111","1156832856","1156832849"
"55229814","65182079","65182082"
"543232244","65181853","595859630"
"55227879","65182326","65182327"
"55228026","65172887","65172850"
"55229365","65181710","65181711"
"55228082","65183184","65183186"
"55226771","65181909","65181913"
"1202841605","65172651","1147078831"
"1220196643","1130905818","1158038654"
"55227525","65172895","65172993"
"55227525","65172993","65172895"
"55228876","65182262","65182264"
"55227888","65183205","65183207"
"55229992","65172243","65172244"
"888436110","926051439","879319342"
"55230412","65172612","65172615"
"55229199","65181714","65181810"
"543258902","595988113","65172430"
"891788940","65181708","929049931"
"55227590","65173001","65172995"
"55228335","65172488","65172438"
"822739801","879315950","65172318"
"1176289964","65172432","1130905819"
"1220197182","65172532","1158038936"
"822745127","65182294","879319344"
"824136642","880270366","65182336"
"569168894","65172875","65172869"
"1202860272","1147089332","880270367"
"55227644","65172555","65172556"
"55227677","65181864","65181871"
"888355771","65172898","926004089"
"822744981","879319273","65182095"
"55227892","65172559","65172558"
"589121997","742752731","742752735"
"55230371","65172279","65172277"
"55228692","65181947","65181951"
"55227759","65172862","65172861"
"55228443","65181823","65172972"
"824090472","65182326","880240782"
"55229364","65172757","65172760"
"824136651","65182433","880270370"
"824144085","880275011","65172877"
"888435876","926051299","65172789"
"1220203903","1158042714","595858046"
"55228424","65172490","65172491"
"888340371","925995803","65174775"
"589121999","742752735","742752813"
"55227855","65181863","65181862"
"55227119","65181919","65181979"
"55227933","65182399","65182327"
"888356622","65172842","926004548"
"55229624","65182210","65182096"
"999336643","1008547522","545846350"
"999321190","1008538637","1008538636"
"55228702","65182361","65182362"
"55228847","65172919","65172924"
"824087613","838185196","880238991"
"55236474","65172747","65172748"
"55236476","65172752","65172750"
"55228576","65172503","65172487"
"55229877","65182063","65182061"
"592395969","758594776","758594763"
"584402252","65172587","718946837"
"55235080","65181944","65181942"
"888356268","926004354","540635105"
"55226622","65183775","65183768"
"825501785","879241971","881237352"
"543246098","65182281","65182270"
"55228720","65183156","65183163"
"55230512","65172307","65172306"
"55227167","65181900","65181896"
"55229248","65172751","65172748"
"821633253","878510675","878510676"
"772971657","844677483","65172878"
"822739796","879315946","879315947"
"55226917","65181882","742758871"
"1119281762","540635113","1094061933"
"55228019","65183239","65183187"
"55230267","65172316","65172314"
"822738669","879315258","65172662"
"55227120","65181919","65181918"
"55226394","65183660","65183641"
"55229876","65182063","65182079"
"998930850","1008312325","65172797"
"55229685","65172682","65172671"
"763618579","65182293","838166279"
"1220295632","1158100640","1008131862"
"59588346","65174654","540371289"
"55227876","65173024","820152073"
"55230036","65172235","65172241"
"763618582","838166281","65183721"
"55229040","65172837","65172838"
"592395968","758594776","65172867"
"998641551","65182078","1008118376"
"55228950","65182354","65182357"
"822727344","65183192","879307717"
"55227135","65181919","65181976"
"740888746","822544745","65181869"
"1166033782","65182283","65182321"
"999321190","1008538636","1008538637"
"55227818","65173018","65173000"
"1062517185","1054686141","886281969"
"1209615477","1130963821","1151219938"
"763657347","65182078","838188381"
"55227019","65173035","65173016"
"543237386","65182306","595868410"
"824153094","880280494","65172904"
"824094667","65173002","880243350"
"55230209","65172292","65172291"
"888381358","65172659","926018922"
"55226878","65181920","65181921"
"1220196973","1158038817","1130963392"
"999336641","1008547521","838166282"
"55229027","65181819","65181832"
"55230397","65172606","65172605"
"589121984","595988116","742752731"
"822793915","879350566","65182199"
"824101640","880247875","65172518"
"55228287","65182366","65182364"
"55227243","65172877","65172878"
"822651947","65172238","879259264"
"55228413","65183174","65183162"
"55236547","65172460","65172528"
"55228001","65172881","65172818"
"55230147","65181773","65181772"
"825634986","65172793","881324304"
"55236342","65182014","65182022"
"55230142","65181773","65181776"
"1220207873","1147088971","1158044889"
"55228018","65183239","65183284"
"822750720","879322921","65172516"
"740915432","65172781","65172782"
"1176289961","742752867","1130905819"
"822647973","879256538","65172211"
"999887685","1008901356","1008901358"
"55236460","65182383","65182390"
"55229300","65182241","65182243"
"59611323","65172839","540635103"
"55227376","65182322","65182330"
"592395964","758594751","758594756"
"55227827","65183210","65183212"
"1220185170","1158030937","879262129"
"822751280","879323262","879323263"
"891767344","929036661","65182253"
"1202717803","1146993284","1146993285"
"888333960","925992146","65172545"
"888360902","926007030","926007023"
"55225877","65174713","65174706"
"55228577","65172494","65172487"
"55228621","65172506","65172507"
"1203391942","1147407523","65182076"
"785012564","852916651","65182298"
"55228768","65181838","65181836"
"55236067","65172995","65172988"
"55228415","65172970","65172969"
"1220301519","65172822","1158104385"
"55228902","65181832","65181838"
"888360567","926006808","65172992"
"1220137668","1158000051","65174809"
"799404419","742752735","863208690"
"55228757","65181822","65181836"
"55228884","65181946","65181941"
"589122004","65172411","742752820"
"999000210","1008352935","65183665"
"55227908","65172882","65172887"
"822743366","879316614","879318279"
"822745117","879319341","852916651"
"888333976","65172544","925992153"
"1220207873","1158044889","1147088971"
"998648194","1008122591","838166282"
"55229266","65172759","65172754"
"55229243","65172753","65172754"
"55229452","65172654","65172655"
"55227877","65181888","65181889"
"55272031","65182303","65182307"
"891841226","929082743","65181847"
"888360902","926007023","926007030"
"55235007","65183192","65182452"
"55227612","65182324","65182323"
"55229268","65182067","65181940"
"55229427","65182094","65182074"
"822722259","879304369","65181803"
"55228385","65183173","65183178"
"55226678","65183720","65183730"
"584425764","718977065","718946816"
"1220137666","1158000050","65174834"
"55236478","65172912","65172917"
"822674134","65182015","879274175"
"825627106","881319296","65181773"
"55235080","65181942","65181944"
"1202746184","65172229","65172228"
"568462248","65181991","638565124"
"55229160","65181702","65172949"
"55227907","65172889","65172887"
"822661236","879265696","65172276"
"592395971","758594780","758594759"
"1202841602","65172595","1147078829"
"822654658","65172244","879261127"
"55439725","65181901","65181903"
"822794244","879350768","65172427"
"55235912","65174822","65174823"
"55228350","65172972","65172970"
"55271986","65172439","65172424"
"55227328","65172996","65173005"
"55229956","65182082","65182077"
"55227469","65173021","65173027"
"55226262","65183643","65183642"
"785019361","838166278","852921520"
"55226795","65173039","65173040"
"824144083","65172876","880275010"
"55227862","65172984","65172889"
"891962150","65172232","929161663"
"55227789","65172559","65172557"
"1092020887","1074893819","65172931"
"55228527","65172849","65172834"
"822730830","879310024","65181960"
"55228483","65172933","65172932"
"1202859617","1147088996","1082173018"
"55230068","65182076","65182075"
"55230083","65172662","65172622"
"1062517186","595856541","1054686141"
"1202841604","1147078830","65172651"
"55228768","65181836","65181838"
"543237391","595868424","65183647"
"998930841","1008312321","540408217"
"55227168","65182340","65182341"
"55225944","65174660","65174658"
"824136649","65182434","880270369"
"822750726","65172937","879322923"
"763898887","65172799","838346667"
"55237485","65183732","65183726"
"822761219","852920089","879329487"
"1176300513","1130909191","1130912017"
"822740799","65172479","879316614"
"1210058304","1130976018","1151492691"
"55229297","65181792","65181796"
"592398569","65174448","758602667"
"55227911","65182323","65182325"
"55227860","65172534","65172550"
"55228208","65181928","65181860"
"868716728","65181728","911731431"
"1104756780","65182243","1084213998"
"55227227","65182340","65182339"
"1218354103","65182376","1156832849"
"55235005","65182452","65182451"
"851401244","898976095","65182383"
"888326858","65172515","925988175"
"821633254","65182452","878510676"
"55227854","65181869","65181862"
"55229805","65181784","65181799"
"55235911","65174823","65174824"
"55229444","65181787","65181786"
"55230122","65181774","65181773"
"55230017","65172236","65172241"
"822739800","879315949","65172619"
"55229248","65172748","65172751"
"55229723","65181784","65181803"
"55228676","65182259","65181948"
"55229188","65172750","65172837"
"763652122","838185199","65172824"
"55227648","65172865","65172862"
"822728001","879308143","65172360"
"55229211","65172780","65172779"
"55228556","65172954","65172945"
"55235950","65172833","65172832"
"55227529","65182328","65182331"
"55229444","65181786","65181787"
"55227111","65181917","65181915"
"821633252","878510675","65183194"
"55228209","65182367","65182366"
"543231472","595858184","65181773"
"55227830","65182327","65182328"
"59619726","540646827","65181822"
"55234879","595859730","595859728"
"55229096","65172949","65172947"
"1220492713","1158226809","65182029"
"822797912","879353025","65172906"
"1220356397","1158138370","1158068417"
"55228118","65181960","65182266"
"55230106","65172274","65172247"
"55229698","65181801","65181807"
"55271972","65172529","65172528"
"55229571","65181804","65181803"
"55228521","65183163","65183173"
"824086299","65183647","880238169"
"1176289960","1130905818","65172436"
"55228921","65182383","65182382"
"55236461","65182389","65182386"
"55225911","65174798","65174829"
"543230540","595856886","65181740"
"55228921","65182382","65182383"
"55228937","65181941","65181942"
"55237722","65183194","65183206"
"763615172","65183191","838164266"
"584418572","718966170","644946063"
"1119281769","1094061930","1094061937"
"59611348","540635118","540635117"
"999336641","838166282","1008547521"
"569159350","65171205","644946063"
"822746434","879320171","65182279"
"822761226","879329490","65183718"
"822738151","65181937","879314908"
"822738154","879314909","65181807"
"822751278","879323262","65172622"
"55228673","65181821","65181827"
"55227764","65183209","65183195"
"55229705","65172672","65172681"
"55229453","65172654","65172651"
"55229540","65181794","65181793"
"55227192","65172901","65172897"
"55225850","65174665","65174666"
"55229519","65172786","65172783"
"888357373","926005010","65172833"
"1202864951","540635087","1147091954"
"55228549","65172935","65172925"
"1000127246","838166284","1008352938"
"1119281768","1094061937","1094061929"
"59928411","65174822","545630816"
"55230300","65172312","65172286"
"1220247297","65182091","1158069604"
"822739799","879315949","879315948"
"822743365","879308139","879318279"
"822750716","879322919","65172489"
"763615171","838164266","65183193"
"589122036","742752975","65172416"
"55227350","65172997","65172996"
"543231475","595858184","65181774"
"822782817","879343304","65183767"
"55227309","65181880","65181879"
"888351890","65173002","926001980"
"55226186","65174817","65174786"
"888418295","926040899","65172963"
"822731286","718947191","879310324"
"1220492714","926042145","1158226809"
"55227629","65172998","65173002"
"888361644","65172931","926007481"
"822750726","879322923","65172937"
"998879056","1008280790","595988113"
"55230441","65172267","65172285"
"55226635","65183715","65183716"
"1220998926","926007483","1158570210"
"55229162","65181940","65181937"
"822738150","879314908","65181796"
"822751280","879323263","879323262"
"1220207891","65182312","1158044900"
"998879054","1008280790","65172427"
"55229059","65182385","65182386"
"1119281765","851881277","1094061935"
"55230328","65182023","65182022"
"55227118","65181918","65181917"
"1101663371","1082248344","65172954"
"543237385","595868410","65182305"
"822659707","65172282","879264598"
"55227274","65173003","65172901"
"55229835","65181802","65181800"
"1220137668","65174809","1158000051"
"55229557","65172773","65172756"
"55229848","65172671","65172666"
"1220207871","1158044888","880255797"
"824136647","65182334","880270368"
"1220185139","879262129","1158030921"
"55229983","65172663","65172667"
"55227168","65182341","65182340"
"55230295","65182022","65182029"
"992771838","65172883","65172884"
"568462234","638565045","65182070"
"55230387","65172615","65172620"
"55225773","65174799","65174829"
"998930845","1008312323","65181972"
"998648194","838166282","1008122591"
"55228973","65172828","65172827"
"822678101","879276828","879276831"
"55226947","65173008","65173009"
"55229420","65182219","65182239"
"55226230","65174828","65174825"
"55228958","65172911","65172838"
"1165432067","65172222","1123905734"
"55228760","65172831","65172835"
"822779810","879341221","65181725"
"824086652","65172814","880238386"
"59606380","540408209","65181965"
"59613511","540635756","540408211"
"1220416425","1158138370","1158179641"
"824144085","65172877","880275011"
"1220193549","65172998","1158036488"
"55236395","65172234","65172230"
"55230083","65172622","65172662"
"55228199","65172523","65172527"
"62287053","65181991","540408216"
"822745128","879319344","852920088"
"822764624","65181725","879331634"
"822779812","879341222","65181779"
"888420269","926042149","65182076"
"59611293","540635089","65172930"
"1220024932","1157926621","65182210"
"1209615482","1130959883","1151219941"
"55271976","65172570","65172569"
"589165166","749445154","65181857"
"763652122","65172824","838185199"
"999000206","1008352933","65183715"
"998641559","65172853","1008118380"
"1220285678","742752812","1158094495"
"1220207874","880255797","1158044889"
"1220302684","1158105011","880249054"
"55228153","65172845","65172846"
"892058819","844664819","929221967"
"55228419","65172815","65172813"
"55229961","65172234","65172227"
"1220024933","65182214","1157926621"
"55228457","65183160","65182395"
"1220301024","1158104138","879307715"
"1220359500","1158140149","838188381"
"55229267","65182067","65182255"
"55226680","65174820","65173039"
"55229577","65182072","65182068"
"1220389957","1158161925","1130959884"
"55230307","65172280","65172279"
"55236465","65172751","65172752"
"824103475","65172797","880249054"
"55228624","65182273","65182269"
"55228881","65172414","65172411"
"59611349","65172800","540635118"
"55229029","65181939","65181937"
"55228171","65172817","65172812"
"55228867","65172917","65172919"
"1202717701","65182324","1146993223"
"55228571","65181948","65181952"
"55235953","65172832","65172830"
"998641555","1008118378","65182219"
"822647972","65172210","879256538"
"55228178","65172526","65172522"
"55228165","65181929","65181860"
"825501784","849129245","881237351"
"55227226","65173036","65173042"
"824104811","880249825","65182319"
"59607514","540631817","65172985"
"55226246","65174786","65174784"
"822731286","879310324","718947191"
"1220193548","1158036488","65173000"
"592395956","758594752","758594751"
"55229391","65172774","65172778"
"55229429","65182098","65182214"
"55227888","65183207","65183205"
"55227990","65182365","65182399"
"55228087","65172852","65172850"
"55229057","65172477","65172475"
"55227050","65182319","65182333"
"55235910","65174821","65174822"
"55229058","65172795","65172799"
"822782816","65183768","879343304"
"888351908","926001988","926001982"
"55228985","65172475","65172416"
"1220302685","65172507","1158105011"
"55227591","65172993","65172995"
"55227172","65173005","65173011"
"59619716","540646817","65181926"
"55230228","65172290","65172282"
"824094672","880243352","65173033"
"55229212","65172754","65172916"
"55228764","65181947","65181945"
"55227076","742758871","65181900"
"55228431","65182372","65182373"
"822744730","879319105","65172304"
"1218354112","1156832856","65182382"
"822794115","879350701","65182383"
"59611315","65172840","540635098"
"1220196972","1158038816","1158038817"
"55227363","65182339","65182418"
"1220209887","1158045985","65172491"
"55229024","65172947","65172941"
"1220138114","65183767","1158000288"
"55227942","65172847","65172881"
"55229973","65182078","65182077"
"55228257","65172939","65172937"
"822745117","852916651","879319341"
"55227826","65172863","65172861"
"55230110","65181774","65181798"
"1104756781","1084213998","1082173018"
"55230436","65172609","65172593"
"822626897","806309215","879241971"
"55228284","65182265","65181959"
"59619718","540646818","65181857"
"825627107","65181783","881319296"
"55229198","65181714","65181819"
"1202860066","1147089222","65182340"
"55230333","65172283","65172285"
"55235895","65173040","65173041"
"55225963","65174703","65174712"
"1202500795","1146861220","65174671"
"55229395","65181790","65181791"
"55228868","65183152","65182390"
"891822321","929070736","65181955"
"55227491","65173027","65173028"
"1202864950","1147091954","65172984"
"55228041","65181853","65181829"
"55271838","65172239","65172234"
"55229952","65181780","65181784"
"55237702","65172436","65172434"
"55227782","65181864","65181863"
"55229244","65172753","65172751"
"55236558","65183733","65183766"
"55228762","65182258","65182259"
"55230219","65182027","65182012"
"55229354","65182241","65182239"
"55229687","65182066","65182065"
"822661237","879265695","879265696"
"55236345","65181779","65181778"
"822727977","65172362","879308134"
"822727989","879260492","879308139"
"822735591","879313126","65172384"
"55226770","65183666","65181913"
"1220301518","1158104385","718946975"
"55229217","65182355","65182215"
"55230437","65172325","65172593"
"55229707","65182066","65182064"
"55226794","65173007","65172909"
"584402410","718946975","65172749"
"891767343","65181944","929036661"
"55237151","65172917","65172918"
"999321186","65172868","1008538635"
"1220137827","1008352945","1158000131"
"822649688","879257731","65172230"
"1218655203","1157029091","718946815"
"55225859","65174787","65174791"
"1220196733","65172489","1158038699"
"55226635","65183716","65183715"
"1000052339","718946786","1009005520"
"55230223","65172620","65172623"
"55228165","65181860","65181929"
"1220207991","1158044962","1084081463"
"824101639","880247875","65172508"
"55227781","65173019","65173024"
"55229158","65181830","65181732"
"55227030","65172896","65172879"
"55228308","65182367","65182369"
"55228809","65181840","65181838"
"55228752","65172506","65172511"
"891788938","65181708","929049930"
"55228994","65182389","65182390"
"1220205742","65182330","1158043713"
"59928410","65181876","545630816"
"888355813","926004107","65172856"
"891759630","65181952","929031868"
"888355781","65172897","926004094"
"59611400","540635143","65174653"
"55228845","65172838","65172840"
"55228917","65172940","65172919"
"1220235344","1158061956","1147078831"
"55228903","65181818","65181832"
"998641551","1008118376","65182078"
"1103454615","1083398663","65181786"
"55226295","65174623","65174646"
"55229265","65172920","65172759"
"55228855","65172798","65172794"
"55228448","65182369","65182371"
"1202859618","65182385","1147088996"
"55229079","65172477","65172479"
"55227615","65181865","65181864"
"888341604","925996471","65174441"
"822654660","879260493","879261128"
"55227961","65172887","65172929"
"55227969","65172499","65172498"
"55225991","65174654","65174672"
"998641555","65182219","1008118378"
"1202860065","880270370","1147089222"
"55229404","65181808","65182067"
"55236470","65172671","65172672"
"1119381311","1094121034","65181707"
"55228711","65172915","65172923"
"822794262","879350777","65183644"
"1203391942","65182076","1147407523"
"1210058305","1151492691","1130976019"
"584402137","718946815","65174458"
"569159349","644946063","65171209"
"888349205","926000588","758594752"
"998648187","1008122587","65173003"
"55229086","65181831","65181830"
"891842016","65181849","929083243"
"59613512","540408211","540635095"
"888355788","926004097","926004092"
"584402686","65172491","718947230"
"822625708","718966170","879241060"
"824087612","65172853","880238991"
"59611340","65172496","540635111"
"55229453","65172651","65172654"
"998641553","1008118377","65182211"
"785012552","65182322","852916641"
"543231443","595858157","65183670"
"59611324","540635103","540635102"
"55229056","65172478","65172477"
"822744978","65181808","879319272"
"55229380","65182238","65182239"
"55226141","65183635","65183646"
"55226078","65174797","65174781"
"55229685","65172671","65172682"
"822739802","65172384","879315950"
"584418567","65171211","718966170"
"55236389","65172311","65172312"
"999887687","1008901359","718946786"
"1202865537","65182012","1147092268"
"1220301024","879307715","1158104138"
"822659708","879264598","65172276"
"55229345","65181791","65181792"
"59611292","65172928","540635089"
"891818067","929068001","852920097"
"55229215","65182276","65182097"
"822739798","65172609","879315948"
"55230161","65181772","65181775"
"888340370","65172909","925995803"
"55272009","65183725","65183724"
"1202860065","1147089222","880270370"
"55229408","65172655","65172658"
"55228649","65181938","65181952"
"999321187","1008538635","65172867"
"62287044","540635676","65181991"
"55229064","65182251","65182255"
"822722952","879304824","65172479"
"998648159","65182378","1008122572"
"824101178","880247602","65172504"
"55228367","65181932","65181927"
"55228802","65181815","65181820"
"822739796","879315947","879315946"
"55230256","65172286","65172318"
"1203696753","1008118378","1147601033"
"55228968","65182254","65182261"
"1220137666","65174834","1158000050"
"1220359501","65182083","1158140149"
"1220185171","65172241","1158030937"
"822678097","65181805","879276828"
"55227847","65183207","65183206"
"891833010","540408209","929077581"
"1210058306","1151492692","1130909193"
"822779583","879341081","820152073"
"822800262","65174776","879354645"
"1202717802","65182328","1146993284"
"1202841603","65172645","1147078830"
"55227093","65182334","65182335"
"868717622","911731942","65182028"
"55229202","65172752","65172910"
"822654656","879261125","879260493"
"55226877","65183716","65181921"
"55227094","65182333","65182334"
"62287045","65181990","540635676"
"999336644","1008518029","1008547522"
"55228772","65172501","65172506"
"888356615","926004545","65172810"
"824104810","65182317","880249825"
"888360950","540635098","926007064"
"822735592","65172644","879313126"
"822722261","65181801","879304370"
"822745118","65182322","879319341"
"55230035","65181798","65181780"
"55230070","65172321","65172385"
"55230090","65181778","65181756"
"55229213","65172754","65172752"
"1220207892","1158044900","65182306"
"55227647","65182450","65182451"
"55236367","65181726","65181720"
"55235961","65172819","65172822"
"1220285755","1158094533","742752867"
"1220207874","1158044889","880255797"
"55227390","65172901","65172886"
"1220245269","1158068457","65172774"
"55271982","65172536","65172532"
"888333975","925992153","65172545"
"55228989","65181942","65182251"
"55235900","65173011","65173012"
"568462233","65182071","638565045"
"55225893","65174799","65174797"
"55227722","65172550","65172552"
"55226369","65183630","65183633"
"55226681","65173039","65174814"
"55227058","65182335","65182336"
"824153091","880280493","65172898"
"55226765","65181876","65181881"
"1220196649","1158038657","925992146"
"1202859618","1147088996","65182385"
"1176423782","65172529","1130983604"
"822728706","65183186","879308616"
"822761227","879329490","65183720"
"824086951","65181933","880238565"
"1202248707","65174674","1146707601"
"891962150","929161663","65172232"
"55229061","65181809","65181811"
"55229376","65172656","65172653"
"55229686","65172671","65172668"
"55229688","65181806","65182065"
"55229571","65181803","65181804"
"55227431","65181967","65181968"
"888355768","926004088","65172884"
"55226027","65183676","65183671"
"55230257","65172282","65172286"
"55226324","545846349","545846351"
"1220416426","65172782","1158179641"
"55235523","65174796","65174795"
"55226825","65173040","65173047"
"543237384","65182310","595868409"
"55228038","65172525","65172524"
"55229417","65172760","65172773"
"822743365","879318279","879308139"
"55226865","65173007","65173006"
"55229234","65172367","65172392"
"998879055","65172434","1008280790"
"55228794","65172923","65172921"
"55230328","65182022","65182023"
"55228710","65172925","65172923"
"1220246125","65181696","1158068960"
"55229356","65172748","65172685"
"1202864949","1147091953","1130905822"
"55226200","65174826","65174825"
"55229005","65172484","65172478"
"55229960","65172240","65172239"
"55229957","65182077","65182063"
"55230210","65172291","65172287"
"763657347","838188381","65182078"
"55225905","65183648","65183653"
"592395959","758594766","758594764"
"888357380","926005012","65172839"
"55226545","65174816","65174821"
"822659708","65172276","879264598"
"592395962","758594764","758594768"
"1209615464","1151219930","1151219931"
"822728706","879308616","65183186"
"822750703","65172985","879322913"
"763615170","65183193","838164265"
"55227120","65181918","65181919"
"1202860272","880270367","1147089332"
"55226466","65183633","65183632"
"55228554","65172509","65172508"
"888355014","926003638","926003635"
"888356621","65172814","926004547"
"55227102","65172898","65172896"
"55227496","65182446","65182447"
"822678100","879276831","65181807"
"55228749","65172924","65172943"
"1220137667","1158000050","1158000051"
"55225858","65174788","65174706"
"55228570","65182265","65181948"
"822730819","879310020","65181929"
"55228327","65172958","65172937"
"55229674","65182216","65182211"
"55234617","65182352","65182354"
"1220196650","925992144","1158038657"
"543237393","595868425","65183648"
"1211656502","596423919","1009005519"
"55228062","65181869","65181826"
"55235894","65173041","65173039"
"55228156","65172524","65172521"
"825627105","65181782","881319295"
"822659707","879264598","65172282"
"55229662","65182070","65182069"
"55236431","65172367","65172479"
"55228945","65181924","65181922"
"888356270","65172520","926004355"
"55228404","65172936","65172933"
"1104756781","1082173018","1084213998"
"828673175","65172394","883411138"
"1220196971","1130963393","1158038816"
"55228761","65172830","65172831"
"55228846","65172838","65172831"
"55226762","65173015","65174782"
"55228359","65172849","65172844"
"851319791","718946788","898926777"
"543230507","886281969","595856543"
"825501400","849142204","881237164"
"822651948","879259264","838346665"
"55230487","65172593","65172595"
"1220247354","65182360","1158069627"
"1219386787","1157493078","65172544"
"1220207892","65182306","1158044900"
"55228358","65172851","65172849"
"55229668","65172668","65172657"
"59607516","540631818","65172999"
"592395957","758594750","758594752"
"55235007","65182452","65183192"
"1220205741","1146993223","1158043713"
"824090472","880240782","65182326"
"998930844","65181957","1008312322"
"998662924","1008131862","822544745"
"55227941","65172882","65172847"
"543230496","595856538","65181703"
"1220209897","718947230","1158045986"
"55225748","65174845","65174839"
"1218655204","65174658","1157029091"
"888435875","65172783","926051299"
"822649689","879257731","879242831"
"55226486","597410561","595859728"
"55271837","65172242","65172243"
"55227847","65183206","65183207"
"1220301697","65183179","1158104480"
"55226628","65174814","65174782"
"55439714","65181884","65181883"
"822738153","65181806","879314909"
"763613003","838162995","65174796"
"998930842","540408216","1008312321"
"55236238","65183178","65183179"
"55228717","65182380","65182391"
"55228627","65172832","65172835"
"888333976","925992153","65172544"
"824144082","880275010","65172860"
"55228146","65182368","65182365"
"55236944","65182026","65182050"
"1176423784","1130983605","65172545"
"1165811428","879307717","971071820"
"891795702","65181736","929054049"
"888355808","926004105","65172859"
"55229319","65172395","65172392"
"55227695","65181890","65181895"
"55230390","65172611","65172606"
"55229311","65172762","65172759"
"1220247375","1147089034","1158069645"
"55439725","65181903","65181901"
"55235521","65174811","65174809"
"55229301","65182241","65182222"
"55226067","65174653","65174672"
"1104527914","1084081463","65182308"
"55228807","65182264","65182273"
"55441709","65174806","65174805"
"55227924","65181829","65181869"
"1215024374","65172498","1130914842"
"55229087","65181830","65181819"
"55229217","65182215","65182355"
"1202846595","65182329","1147081744"
"59613513","540635758","540635756"
"55226999","65173011","65173014"
"55227040","65173006","65172903"
"822779809","65181779","879341221"
"826957584","882216059","65174641"
"55228716","65182381","65182380"
"55271782","65183206","65183205"
"1172454411","1128338546","65172869"
"880739073","758594740","920127256"
"763615169","838164265","65183205"
"1220185170","879262129","1158030937"
"822750725","879322923","65172936"
"55228763","65182258","65181951"
"55230004","65172230","65172229"
"998662928","1008131864","65172587"
"55229082","65182352","65182276"
"55225876","65174789","65174713"
"1165432066","879242831","1123905734"
"55229416","65172395","65172652"
"1202860273","1147089332","65182335"
"891788940","929049931","65181708"
"999000209","1008352934","65183725"
"59611350","540635117","65172819"
"888418296","65172968","926040899"
"55228708","65172833","65172829"
"55226324","545846351","545846349"
"55227993","65183205","65183217"
"822743366","879318279","879316614"
"55228230","65181930","65181928"
"1119281767","926007157","1094061936"
"589122003","742752820","742752811"
"1220185171","1158030937","65172241"
"55230003","65181724","65181778"
"888356269","65172519","926004354"
"55227322","65182331","65182332"
"55229363","65182073","65182074"
"55229416","65172652","65172395"
"55227527","65173028","65181865"
"55228992","65172916","65172919"
"824153088","65172885","880280492"
"842215607","892575599","65183722"
"763652120","838185198","838185197"
"55226102","65174785","65174798"
"822728716","65182433","879308619"
"55226142","65174826","65183635"
"998879054","65172427","1008280790"
"824094669","880243351","65172998"
"55237722","65183206","65183194"
"732272743","65181706","816465164"
"822661391","879265771","879265770"
"1220496239","1158228502","644946062"
"1220208151","1158045060","65182305"
"55228728","65172487","65172486"
"55229232","65181847","65181792"
"59613109","65181972","540635682"
"732272744","816465164","65181700"
"55228416","65172960","65172969"
"822794260","65183643","879350776"
"55228808","65182264","65182259"
"55229315","65172746","65172757"
"55226485","65183767","65183734"
"55228276","65182373","65182368"
"55227104","65172903","65173004"
"1220193548","65173000","1158036488"
"822730828","879310023","65181989"
"822764622","879331633","65181721"
"55227612","65182323","65182324"
"55227467","65172891","65172886"
"888357382","65172835","926005013"
"55226252","65174825","65174818"
"55228221","65172522","65172518"
"55228392","65172491","65172492"
"824086653","880238386","65172815"
"55388224","540635116","65172824"
"55227954","65183218","65183210"
"59928410","545630816","65181876"
"822761227","65183720","879329490"
"55227482","65182294","65182293"
"55228944","65181924","65181938"
"568462233","638565045","65182071"
"577767860","638567207","540408216"
"59588345","540371289","65174652"
"55228086","65172929","65172852"
"55229985","65182062","65182063"
"55230323","65172283","65172286"
"55235892","65173047","65173041"
"1218354103","1156832849","65182376"
"1103486874","1083418926","742758871"
"55227466","65172891","65173003"
"589124763","742758871","65181912"
"59612941","65181990","540408217"
"864283523","908779899","65174441"
"543230498","595856539","595856536"
"55229426","65182097","65182094"
"55226642","65174620","65172873"
"569148206","642567273","540635116"
"55236431","65172479","65172367"
"55229541","65181788","65181793"
"55229560","65172654","65172657"
"55236466","65172750","65172749"
"55229198","65181819","65181714"
"1203391943","1147407523","1008118376"
"55227351","65182330","65182331"
"55236350","65182199","65182091"
"822651947","879259264","65172238"
"55229450","65181805","65181804"
"55228828","65182357","65182361"
"589122015","65172430","742752867"
"824086656","880238387","65172912"
"55235709","65174646","65174651"
"55235958","65172804","65172800"
"55227391","65172885","65172886"
"822727992","879308140","879260491"
"55229323","65182215","65182217"
"55229686","65172668","65172671"
"891795703","65181720","929054050"
"888326861","65172497","925988176"
"772949675","844664819","65181920"
"55228395","65182366","65182370"
"55228418","65172843","65172815"
"717637437","806309214","806309213"
"55228283","65182265","65182266"
"1202248745","65174801","1146707625"
"1215024192","1130914843","1130914842"
"1162571031","863207280","1122187583"
"821633254","878510676","65182452"
"1220196644","1158038654","1154634225"
"55236653","65173035","65173031"
"888357379","65172841","926005012"
"543237392","65183647","595868425"
"55228578","65172945","65172946"
"822750730","879322925","65172809"
"55229973","65182077","65182078"
"55236411","65172230","65172236"
"55235906","65173016","65173012"
"55227293","65172878","65172883"
"55228703","65182358","65182361"
"55388223","65172824","540635115"
"55229298","65182098","65182215"
"55227025","65182336","65182343"
"822744731","879319105","65172592"
"1202859571","1147088971","65182335"
"59611299","540635090","65172936"
"55230296","65182022","65182027"
"1202248746","1146707625","65174796"
"55229986","65182060","65182062"
"55227977","65172983","65181825"
"55228115","65172938","65172939"
"1220209896","65172503","1158045986"
"1220208412","1158045194","595868411"
"55230194","65172621","65172616"
"55230203","65172293","65172292"
"1220205741","1158043713","1146993223"
"55225956","65174674","65174671"
"717637439","742752616","806309215"
"55230199","65172218","65172275"
"824136651","880270370","65182433"
"55229755","65172673","65172672"
"891839941","65181733","929081939"
"888355770","926004089","926004088"
"55229399","65182074","65182072"
"55229382","65181796","65181805"
"55229202","65172910","65172752"
"55229239","65172683","65172747"
"888351903","65173026","926001986"
"55227041","65172902","65172903"
"888355022","926003639","926003642"
"55230037","65172232","65172211"
"55230221","65172314","65172318"
"55230439","65172325","65172307"
"55229502","65182095","65182094"
"763613954","838163555","65183723"
"543230508","595856543","65181710"
"55226764","65181881","65183636"
"55226977","65172905","65172904"
"55272032","65182307","65182308"
"822750715","65172492","879322919"
"59611325","540635104","65172814"
"55236056","65172890","65172894"
"55228786","65172794","65172512"
"763618579","838166279","65182293"
"55229901","65182061","65182060"
"1220247376","65182355","1158069645"
"55226352","65174824","65174828"
"1176388297","1130963391","1130905820"
"55227737","65182451","65183191"
"55229980","65181780","65181779"
"1103462085","65174817","1083403183"
"1220290745","65181772","1158097335"
"1219386788","65172543","1157493078"
"1218382384","65182015","1156852212"
"543237390","595868413","65183647"
"1220245211","1158068417","65172785"
"543237407","65183646","595868424"
"891839940","929081938","65181733"
"55227920","65181888","65181892"
"55227687","65173025","65173026"
"55229848","65172666","65172671"
"55236477","65172911","65172910"
"55227923","65181883","65181829"
"55226486","595859728","597410561"
"55234945","65182308","65182312"
"55227351","65182331","65182330"
"55230324","65172279","65172283"
"55234615","65182359","65182355"
"55226673","65181909","65183656"
"55228461","65172933","65172935"
"55228471","65172971","65172972"
"55228303","65172427","65172426"
"999887688","718946816","1008901359"
"55439720","65173022","65172974"
"55227156","65181977","65181976"
"55228526","65172508","65172504"
"740915436","65172827","65172824"
"763618586","65182377","838166283"
"55229161","65181940","65181942"
"543230497","595856538","595856539"
"55230299","65172312","65172313"
"822794259","879350776","65183640"
"55271834","65172645","65172644"
"592395973","758594783","758594770"
"999504924","65183208","65183195"
"888355800","65172859","926004101"
"55229438","65172652","65172651"
"55229723","65181803","65181784"
"577767859","638567207","638565124"
"888417468","65172974","926040375"
"584402686","718947230","65172491"
"55228957","65172912","65172911"
"888361642","926007480","540635090"
"55228318","65172810","65172812"
"824153090","65172897","880280493"
"55226400","597410561","545846351"
"888355783","926004094","926004095"
"55230179","65182012","65182062"
"55227567","65182447","65182450"
"999887689","596423918","1008901360"
"55228326","65172963","65172958"
"1165818154","65182026","1124167623"
"55226135","65174786","65174785"
"55229054","65182359","65182354"
"55227467","65172886","65172891"
"55228201","65182290","65182289"
"1062517187","1054686141","65181708"
"1220281691","925992148","1158092064"
"888381359","65172658","926018923"
"822625708","879241060","718966170"
"824136646","880270368","65182339"
"55226331","65174783","65174817"
"1202841601","65172596","1147078829"
"55227484","65182418","65182446"
"55227846","65183207","65183210"
"785012564","65182298","852916651"
"1119281758","65172551","1094061931"
"55227941","65172847","65172882"
"55227986","65173018","65172961"
"880739074","920127257","65181689"
"785017257","852920090","65182303"
"55229701","65181728","65181698"
"55227862","65172889","65172984"
"888341605","718946788","925996471"
"55228304","65172422","65172426"
"55230200","65172369","65172293"
"824136643","880270367","65182340"
"584418569","65172222","718966171"
"55226424","65174778","65174777"
"55229068","65172940","65172920"
"55227841","65172862","65172882"
"1220207990","65182330","1158044962"
"822767463","65174789","879333402"
"55227591","65172995","65172993"
"1215706628","925992150","65172529"
"824090473","880240782","65182324"
"1220359500","838188381","1158140149"
"55230398","65172605","65172323"
"55227084","65181906","65181912"
"822744979","879319272","65182072"
"543237406","65183664","595868423"
"1220137917","1158000077","1158000183"
"1220359501","1158140149","65182083"
"998648158","1008122572","65182377"
"891841227","65181835","929082743"
"999887683","758602666","1008901357"
"999336642","1008547521","595859730"
"822750718","65172497","879322920"
"55228784","65182361","65182377"
"1218382383","1156852212","65182022"
"55229917","65181781","65181725"
"543230509","595856541","595856543"
"55225912","65174798","65174797"
"822739794","879315945","65172325"
"1220185139","1158030921","879262129"
"55227896","65172999","65173000"
"732272741","65172241","816465163"
"822750730","65172809","879322925"
"888356356","65172492","926004403"
"55229630","65181793","65181789"
"55229751","65181695","65181697"
"55229783","65182065","65182061"
"543237392","595868425","65183647"
"55236475","65172749","65172751"
"55229864","65172667","65172672"
"55228586","65172505","65172507"
"868716728","911731431","65181728"
"55439722","65172982","65172983"
"55229420","65182239","65182219"
"763613003","65174796","838162995"
"763652119","838185197","820126730"
"1215014763","65172529","1154634223"
"55226658","65183716","65183718"
"55228508","65172954","65172959"
"55228685","65182381","65182392"
"55226852","65173009","65173007"
"55229159","65181702","65181809"
"888333956","65172569","925992143"
"55227119","65181979","65181919"
"55227188","65172868","65172876"
"891818068","65182308","929068001"
"59611351","540635116","540635115"
"589121996","742752811","595988111"
"55229451","65181804","65181795"
"55228220","65172428","65172439"
"822739795","879315945","879315946"
"55228980","65172917","65172910"
"888340369","65174697","925995802"
"55227147","65173033","65173036"
"888417467","926040375","65172968"
"892056618","65183670","929220610"
"55229080","65172801","65172821"
"55229089","65182360","65182376"
"55225992","65174671","65174654"
"589165167","749445154","65181860"
"543237404","65183665","595868422"
"55228173","65172973","65172981"
"543228123","65174795","65174806"
"543231438","595858157","65183666"
"55226224","65183643","65183644"
"1220301025","65183207","1158104138"
"55226932","65173037","65173040"
"888360949","926007064","65172912"
"543246301","65172946","595888798"
"55236493","65181889","65181890"
"55236454","65172786","65172785"
"55236473","65172748","65172746"
"55228040","65181853","65181888"
"1220235345","926007483","1158061956"
"998879053","65172432","1008280790"
"822738153","879314909","65181806"
"55229804","65181799","65181801"
"55229360","65181795","65181791"
"55228333","65172516","65172514"
"55235960","65172799","540635117"
"1000052337","1009005519","596424129"
"55227127","65182341","65182420"
"822797912","65172906","879353025"
"55229087","65181819","65181830"
"55227694","65172556","65172557"
"55229359","65181796","65181795"
"55226129","65174447","718946816"
"1215024193","65172496","65172497"
"55229755","65172672","65172673"
"55227817","65173018","65173019"
"1203392146","838346665","1147407631"
"55229216","65182271","65182097"
"55229281","65181711","65181714"
"891841225","65181833","929082742"
"55227085","65181906","65181900"
"55227788","65172857","65172559"
"55227873","65172861","65172855"
"55229285","65172787","65172789"
"55229220","65182222","65182376"
"1202860273","65182335","1147089332"
"55229450","65181804","65181805"
"1220492713","65182029","1158226809"
"822665791","879268657","65172369"
"55229409","65172787","65172777"
"55228837","65181945","65181939"
"824101640","65172518","880247875"
"888351904","926001986","65173020"
"55226121","65183665","65183650"
"55229443","65181787","65181790"
"55227780","65173025","65173024"
"757982613","65174839","834488904"
"891838157","838166278","929080828"
"55230048","65172247","816465163"
"1220137723","65174834","1158000077"
"785012551","852916641","65182323"
"822746435","65182274","879320171"
"999321189","65181991","1008538637"
"888326859","925988175","65172499"
"891815025","540635085","929065984"
"1176423783","1130983605","1130914844"
"55236418","65181813","65181815"
"55230463","65172592","65172593"
"55229235","65181732","65181715"
"55229491","65172682","65172685"
"1220203938","1158042732","65181776"
"584425765","718946815","718977065"
"543258921","595988111","742752731"
"888357233","540635106","926004918"
"55226041","65183723","65183676"
"55228606","65182370","65182358"
"55228762","65182259","65182258"
"55229692","65181696","65181706"
"55229501","65182095","65182098"
"822800259","65174775","879354644"
"55230109","65182060","65181774"
"888360951","65172921","926007065"
"589121937","65172223","742752616"
"589121995","742752733","742752811"
"55439723","65172982","65172974"
"1103462087","1083403184","65174826"
"55228467","65181952","65181958"
"584402137","65174458","718946815"
"55228877","65182262","65182260"
"822745122","838166279","879319342"
"59588347","65174641","540371290"
"55229081","65172799","65172801"
"1220137826","1158000131","1158000069"
"1164953280","65172367","1123616286"
"55228904","65172416","65172414"
"55228320","65181958","65181959"
"1220245269","65172774","1158068457"
"55228980","65172910","65172917"
"55229063","65182255","65182261"
"55228180","65182367","65182326"
"1220138115","1158000288","65183732"
"1220205742","1158043713","65182330"
"55226207","65174780","65174785"
"1220137738","1158000085","65174832"
"55229299","65182097","65182098"
"1204821390","1148273894","65172283"
"1203841299","1147685058","65174811"
"891759631","929031868","749445156"
"55271834","65172644","65172645"
"998930847","540635095","1008312324"
"1220185138","1158030921","65172273"
"592395968","65172867","758594776"
"55236409","65172487","65172502"
"59608783","540632908","65172659"
"1119281754","595858729","1094061928"
"822767463","879333402","65174789"
"825634985","881324304","65172796"
"888356620","926004547","540635101"
"1220246125","1158068960","65181696"
"992771838","65172884","65172883"
"822728715","65182452","879308619"
"55226225","65183635","65183643"
"1202841602","1147078829","65172595"
"822745118","879319341","65182322"
"55229159","65181809","65181702"
"891788939","65181706","929049931"
"822735592","879313126","65172644"
"55229735","65182079","65182093"
"888351901","926001985","65173033"
"55228137","65183243","65183239"
"1215014767","1154634225","1130914843"
"55229479","65172773","65172776"
"55236411","65172236","65172230"
"59619717","65181857","540646817"
"55228007","65183187","65183218"
"55226191","65183644","65183645"
"55227026","65182336","65182320"
"1164954053","1123616773","65172485"
"55236412","65172228","65172232"
"55229550","65181738","65181737"
"55226129","718946816","65174447"
"55228717","65182391","65182380"
"825501398","881237163","849129245"
"1162571031","1122187583","863207280"
"822740801","879316615","65172502"
"891842019","929083244","65181849"
"888436110","879319342","926051439"
"1220290652","1158097294","65181775"
"55225646","65174811","65174802"
"55228704","65181816","65181813"
"763618588","65183663","838166284"
"55225772","65174829","65174832"
"55236453","65172988","65172987"
"55237141","65182294","65182298"
"822727989","879308139","879260492"
"55226430","65174783","65174816"
"1176382125","1130976019","1130959883"
"999887681","925996471","596423919"
"999887684","1008901358","925996471"
"55228738","65172915","65172914"
"824101639","65172508","880247875"
"55229604","65172680","65172676"
"55226928","65181877","65181881"
"55227173","65173004","65173005"
"1203696752","65182216","1147601033"
"592395972","758594756","758594780"
"999000214","1008352936","1008352937"
"1220137742","65174839","1158000087"
"55226689","65174778","65173010"
"1220024933","1157926621","65182214"
"55229410","65172777","65172778"
"55226674","65183636","65181909"
"55227824","65181885","65181883"
"55225755","65174806","65174790"
"55228580","65182391","65182371"
"55228622","65172502","65172506"
"999321189","1008538637","65181991"
"543231444","65183669","595858157"
"822746434","65182279","879320171"
"891962149","879268588","929161663"
"55229784","65182061","65181802"
"1220301698","1158104480","65183184"
"888355778","926004092","65172898"
"55226040","65183741","65183724"
"543237391","65183647","595868424"
"55228031","65172930","65172938"
"822779812","65181779","879341222"
"822651948","838346665","879259264"
"55227341","65181968","65181977"
"55227522","65181895","65181967"
"55228573","65172839","65172836"
"999000208","65183735","1008352934"
"1203696753","1147601033","1008118378"
"1203391943","1008118376","1147407523"
"1220209887","65172491","1158045985"
"55229562","65181737","65181785"
"55228844","65172511","65172793"
"55229396","65181790","65181741"
"1172454410","926007156","1128338546"
"828673174","883411138","65172389"
"55226544","65174821","65174824"
"888355807","838185196","926004105"
"998879053","1008280790","65172432"
"569159352","65171209","644946062"
"55230220","65172314","65172320"
"55228675","65182268","65182259"
"55230440","65172322","65172307"
"55229319","65172392","65172395"
"55226160","65183645","65183663"
"55226851","65173009","65173015"
"1176418189","1130905819","1130905818"
"55236509","65172505","65172508"
"880739073","920127256","758594740"
"55228623","65182273","65182282"
"763613953","65183724","838163555"
"55229665","65172646","65172654"
"55228929","65181811","65181820"
"998930843","880239370","1008312322"
"55227103","65173004","65173008"
"55226901","65182320","65182313"
"824086653","65172815","880238386"
"888333975","65172545","925992153"
"822750723","65172927","879322922"
"888355799","926004101","65172856"
"1215024373","1130914842","65172496"
"55228823","65182378","65182379"
"55228840","65181818","65181822"
"55229354","65182239","65182241"
"822740800","879316615","879304824"
"55236349","65182210","65182091"
"763618581","838166280","838166281"
"55229499","65181807","65181808"
"1220203937","1158042732","838188380"
"55229428","65182217","65182214"
"1220208160","65182305","1158045064"
"55226007","65174798","65174819"
"1220138129","1158000293","65183733"
"1220208413","1008122591","1158045194"
"55228186","65172939","65172963"
"55437644","596423918","65174623"
"55229706","65182064","65182070"
"1119281757","1094061931","540635112"
"55229796","65181697","65181718"
"55235055","65181949","65181946"
"55235079","65182253","65182254"
"55225986","65174644","65174665"
"55229836","65181799","65181800"
"55226840","65173049","65173047"
"55229223","65182376","65182243"
"55229127","65181810","65181809"
"55225921","65174705","65174673"
"55235792","65174623","65174622"
"55235953","65172830","65172832"
"55230206","65172318","65172293"
"55237484","65183732","65183731"
"55228228","65172966","65172973"
"822653739","879260491","65172246"
"55228597","65172502","65172505"
"55229484","65181794","65181790"
"727815599","595856536","813348442"
"55234879","595859728","595859730"
"1176410304","65174644","65174636"
"1218354112","65182382","1156832856"
"55229936","65181721","65181724"
"891810705","65172907","65172908"
"55236463","65172782","65172783"
"1101663361","1082248338","65172935"
"55230017","65172241","65172236"
"55229352","65172778","65172762"
"1176289963","1130905819","65172488"
"55226627","65174816","65174814"
"59608785","65172799","540632908"
"1220208159","1158045064","65182308"
"55226658","65183718","65183716"
"55236408","65172503","65172505"
"568462234","65182070","638565045"
"1103464938","65181881","1083405050"
"822779810","65181725","879341221"
"1220494539","1158227664","1148273894"
"763618580","65183715","838166280"
"1001974965","1010251800","65172238"
"55228906","65182272","65182264"
"589122001","742752733","742752746"
"589122014","742752867","595988112"
"888349206","65172552","926000589"
"55228222","65172843","65172845"
"799404418","863208690","742752733"
"891788937","929049930","65181728"
"888355008","926003636","65183769"
"55228372","65172817","65172813"
"55226929","65181877","65173049"
"763652124","838185200","65181851"
"822750731","65172810","879322925"
"569148205","65172825","642567273"
"55227322","65182332","65182331"
"59928416","65183650","65183648"
"55228172","65181825","65172981"
"1220247375","1158069645","1147089034"
"55228288","65182364","65182290"
"888356623","926004548","65172815"
"55225800","65174666","65174670"
"55228205","65172852","65172851"
"824153088","880280492","65172885"
"55227717","65173020","65173000"
"822800260","879354644","65174777"
"1220196739","65172879","1158038702"
"55229560","65172657","65172654"
"880739075","920127257","65181695"
"55228684","65182395","65182381"
"888361643","65172927","926007480"
"1176289963","65172488","1130905819"
"1215706627","1130914843","1130963393"
"1119281759","1094061932","540635113"
"1202248746","65174796","1146707625"
"1220203938","65181776","1158042732"
"1220208294","1008312324","1158045132"
"1220998927","1158570210","838346667"
"822764623","65181718","879331633"
"888420268","926042149","926042145"
"55225906","65183648","65174845"
"888357232","926004918","65172516"
"55227987","65172961","65172999"
"1220208412","595868411","1158045194"
"1101663372","65172951","1082248344"
"888355807","926004105","838185196"
"55225735","65174834","65174839"
"55226948","65173006","65173008"
"55228824","65182377","65182379"
"543230495","65172789","65181702"
"888356612","926004544","540635104"
"1220302685","1158105011","65172507"
"824088231","880239370","65181959"
"55227524","65172997","65172993"
"55227244","65181896","65181880"
"880739075","65181695","920127257"
"999321188","1008538636","65181994"
"55226429","65174818","65174816"
"55230189","65172320","65172321"
"55225980","65174674","65174673"
"891766469","65182256","929036093"
"891767346","929036662","65182256"
"55234614","65182222","65182218"
"55226537","65174782","65174783"
"824086650","880238385","65172833"
"891767348","65181949","929036663"
"1203841300","65174841","1147685058"
"1220207872","65182312","1158044888"
"1218354111","1156832849","1156832856"
"737477459","65182275","65182272"
"998662930","65174630","1008131865"
"824101179","65172514","880247602"
"55236405","65172526","65172525"
"1220285754","1158094495","1158094533"
"888355784","926004095","65172902"
"55227077","65181900","65181878"
"55226546","65183734","65183733"
"55235959","65172819","65172825"
"55227912","65172983","65173022"
"55227783","65181863","65173025"
"55228066","65172968","65172961"
"1202248707","1146707601","65174674"
"55229079","65172479","65172477"
"55227156","65181976","65181977"
"55228082","65183186","65183184"
"55229281","65181714","65181711"
"55228547","65182392","65182372"
"1220209896","1158045986","65172503"
"55226103","65174781","65174785"
"55228592","65172807","65172808"
"55227514","65173020","65173002"
"1202719311","1146994163","65181925"
"55228210","65182325","65182366"
"998930843","1008312322","880239370"
"906765743","65182331","940146821"
"55225912","65174797","65174798"
"543246303","595888798","595888801"
"55226368","65183642","65183633"
"55229631","65181785","65181789"
"55229667","65172676","65172668"
"55229813","65182096","65182082"
"1220302684","880249054","1158105011"
"55228119","65181959","65181960"
"55230322","65172310","65172311"
"55228679","65172946","65172944"
"822730831","65181990","879310024"
"55228988","65182251","65182254"
"55226748","65173047","65174820"
"55227483","65172891","65172895"
"55229803","65172388","65172646"
"55236469","65172746","65172753"
"55230360","65172616","65172611"
"55229066","65182261","65182271"
"55228531","65182268","65182269"
"568462232","638565045","65182093"
"55226538","65174782","65174778"
"55230403","65172609","65172606"
"1218382383","65182022","1156852212"
"55226584","65183636","65183632"
"822750699","879322911","540635087"
"55229218","65182276","65182215"
"55229234","65172392","65172367"
"55228168","65172495","65172497"
"55228613","65182391","65182362"
"55229531","65182214","65182216"
"55229322","65182218","65182217"
"55227912","65173022","65172983"
"55228102","65172812","65172816"
"825516462","65172653","65172652"
"55225590","65174802","65174793"
"891838158","929080828","926051439"
"998641558","1008118380","65172526"
"543246302","595888801","65172945"
"824086461","880238267","65181876"
"55226208","65174779","65174780"
"998641552","65182199","1008118377"
"999000207","929220610","1008352933"
"55235962","65172822","65172825"
"59611290","65172992","540635088"
"55228981","65172940","65172941"
"822779584","65181862","879341081"
"55237699","806309213","65171207"
"822767464","65174805","879333402"
"569168894","65172869","65172875"
"55228841","65181820","65181818"
"55227135","65181976","65181919"
"55228319","65172810","65172520"
"55229261","65172477","65172361"
"55226181","65174781","65174779"
"822746435","879320171","65182274"
"822649689","879242831","879257731"
"55229342","65182073","65182067"
"55227919","65181892","65181962"
"822750701","879322912","65172988"
"822771770","65181907","65181908"
"55272028","65182311","65182310"
"822767464","879333402","65174805"
"822739801","65172318","879315950"
"59048654","65172236","65172232"
"1220245284","65181698","1158068468"
"1176382127","1130959884","1130909191"
"1220208251","852920088","1158045113"
"55229180","65172661","65172801"
"55228922","65182379","65182382"
"55227513","65173021","65173020"
"822739800","65172619","879315949"
"891841224","929082742","65181835"
"55236410","65172238","65172239"
"1176423783","1130914844","1130983605"
"888333965","65172545","925992148"
"842215606","65183721","892575599"
"55228642","65181948","65181947"
"55228916","65172942","65172940"
"55227614","65181872","65181864"
"55227882","65173018","65173022"
"1220208413","1158045194","1008122591"
"824094670","880243351","65172995"
"55227263","65181914","65181918"
"55235954","65172824","65172806"
"888417164","926040177","926039888"
"55228613","65182362","65182391"
"824094668","880243350","65173001"
"589122035","65172410","742752975"
"59619729","65181821","540646827"
"55228074","65172845","65172847"
"55228159","65181826","65181828"
"55226393","65183660","65183661"
"55229257","65172780","65172787"
"783539064","851876702","65182283"
"888360901","758594740","926007030"
"822731287","879310324","65172753"
"888355009","926003633","926003636"
"59611399","65174651","540635143"
"55228308","65182369","65182367"
"55228425","65172429","65172490"
"55228476","65172809","65172808"
"55228793","65181945","65181946"
"799401671","65182238","863207280"
"822674135","879274175","838188380"
"1176410303","65174641","65174636"
"55226793","65173010","65173007"
"1202717804","1146993285","65182329"
"55227922","65172855","65172816"
"1220290651","838188382","1158097294"
"55228993","65182389","65183156"
"55226247","65174780","65174784"
"998648186","65172996","1008122587"
"891839939","65181740","929081938"
"55227978","65172527","65172854"
"888420268","926042145","926042149"
"822764625","879331634","65181719"
"55227214","65172877","65172876"
"55229221","65182222","65182359"
"1103328462","644946063","1083326278"
"55235715","65174650","65174623"
"55228586","65172507","65172505"
"55228200","65172523","65172522"
"822738682","65172666","879315263"
"55226511","65183656","65183659"
"1218382384","1156852212","65182015"
"999887678","1008901352","1008901356"
"55229220","65182376","65182222"
"888351913","926001991","65173013"
"55228863","65172486","65172484"
"891962149","929161663","879268588"
"822731287","65172753","879310324"
"55226275","65183726","65183735"
"55226484","65183631","65183628"
"55227000","65173008","65173011"
"1220137788","65174832","1158000112"
"55236461","65182386","65182389"
"55229724","65181789","65181784"
"55228255","65172428","65172427"
"1103486875","65181913","1083418926"
"55228816","65172919","65172918"
"543242348","545846349","595868415"
"888360952","926007065","65172914"
"824086658","65172835","880238388"
"1164954052","65172483","1123616773"
"880739072","65181696","920127256"
"1119281764","1094061935","758594750"
"55227264","65182332","65182334"
"888355775","926004086","926004091"
"888355812","65172854","926004107"
"888355026","65183768","926003644"
"825627104","881319295","65181772"
"55229954","65172665","65172648"
"55229915","65172387","65172383"
"55229391","65172778","65172774"
"543232240","595859630","65181828"
"891833011","929077581","540633123"
"55228114","65172961","65172939"
"888326860","925988176","540635106"
"888360891","926007023","65172785"
"55228985","65172416","65172475"
"55229059","65182386","65182385"
"55227413","65173001","65172997"
"543230492","65181701","595856539"
"824094673","65173031","880243352"
"55236406","65172522","65172521"
"55441708","65174805","65174799"
"55228761","65172831","65172830"
"55228917","65172919","65172940"
"55227808","65181962","65181889"
"55229236","65181715","65181714"
"822750719","879322920","65172499"
"55226400","545846351","597410561"
"55229306","65181711","65181703"
"759445624","65174441","835412909"
"55228144","65182289","65182283"
"822794116","879350701","65182380"
"822730827","65181957","879310023"
"1220208295","1158045132","540408209"
"888351896","65173031","926001983"
"1220235345","1158061956","926007483"
"1209615463","1130905822","1151219930"
"584428196","65181852","65181853"
"906765744","940146821","65182317"
"55229599","65182096","65182095"
"55227388","65173013","65173021"
"59611327","540635105","65172809"
"589121936","644946062","718966171"
"1176388298","1130963392","1130914844"
"55227683","65173019","65173026"
"888355801","926004102","65172527"
"825630173","879329487","852920090"
"59607518","540631818","540631817"
"55236404","65172857","65172859"
"1165476916","1123932402","65182323"
"55228119","65181960","65181959"
"868717623","65182075","911731942"
"55271973","835412909","65174436"
"888357374","540635101","926005010"
"589121981","595988113","595988116"
"55228757","65181836","65181822"
"55228797","65182260","65182258"
"55228801","65181820","65181821"
"55229096","65172947","65172949"
"55229355","65182239","65182218"
"891838157","929080828","838166278"
"55230226","65182029","65182028"
"59607513","65172930","540631817"
"55229023","65172950","65172947"
"55235078","65182258","65182256"
"824094664","880243349","879322912"
"824153093","65172902","880280494"
"59611317","540635099","65172841"
"999000211","65183671","1008352935"
"55229443","65181790","65181787"
"783539063","65182270","851876702"
"1220247376","1158069645","65182355"
"543258900","595988112","65172429"
"55229355","65182218","65182239"
"1220193549","1158036488","65172998"
"543237405","595868423","65183663"
"584418569","718966171","65172222"
"822661237","879265696","879265695"
"1119281766","1094061936","758594766"
"55229256","65172949","65172787"
"824153089","65172884","880280492"
"55237141","65182298","65182294"
"55229726","65181802","65181801"
"59609036","540633123","65181962"
"55235055","65181946","65181949"
"55227263","65181918","65181914"
"584402410","65172749","718946975"
"1209615465","1151219931","1130912018"
"55227475","65172865","65172864"
"1176289973","1130905824","65174618"
"822750728","65172519","879322924"
"888356354","926004402","65172489"
"55228675","65182259","65182268"
"822621767","65172220","879238258"
"824093956","65183733","880242946"
"1119381310","65181700","1094121034"
"1001974964","65172243","1010251800"
"892058819","929221967","844664819"
"1176289959","65172438","1130905818"
"822654657","879261126","879261125"
"1220998927","838346667","1158570210"
"824136650","880270369","65182341"
"589122002","742752746","65172410"
"589165166","65181857","749445154"
"891822320","929031867","929070736"
"55229619","65182068","65182066"
"55228671","65172808","65172512"
"824094669","65172998","880243351"
"55229030","65181937","65181924"
"891815024","929065984","65172906"
"55237484","65183731","65183732"
"1220196734","1158038699","65172438"
"888349207","926000589","926000588"
"717637438","806309214","718966170"
"998930844","1008312322","65181957"
"55230323","65172286","65172283"
"727576140","65174841","65174844"
"55228225","65182266","65182270"
"55227107","65181915","65181907"
"543242349","595868415","545846350"
"737743459","820152073","65173022"
"1104756780","1084213998","65182243"
"888356271","926004355","65172523"
"888367125","65172504","926010660"
"999768267","540635118","65172799"
"55236388","65172313","65172316"
"543230497","595856539","595856538"
"1202717701","1146993223","65182324"
"55228206","65172846","65172851"
"822773135","879336929","65181719"
"55228820","65172829","65172806"
"592395961","758594770","758594776"
"1220295633","65181883","1158100640"
"1220359177","1158139973","65183184"
"55228178","65172522","65172526"
"1176423781","1130983604","1130914843"
"822750704","879322913","65172992"
"1220137723","1158000077","65174834"
"55227273","65173003","65173004"
"999887690","1008901360","65174630"
"1220203937","838188380","1158042732"
"589165167","65181860","749445154"
"1176410305","65174643","65174636"
"55236408","65172505","65172503"
"1220203979","1158042759","879274176"
"55227344","65181894","65181914"
"824153094","65172904","880280494"
"1119281755","1094061929","65172551"
"55236033","65172959","65172960"
"55228524","65181827","65181823"
"822735591","65172384","879313126"
"822738154","65181807","879314909"
"785019360","852921520","65181994"
"59607517","65172939","540631818"
"822750724","879322922","65172928"
"1220207871","880255797","1158044888"
"822730827","879310023","65181957"
"55227376","65182330","65182322"
"55236944","65182050","65182026"
"763898887","838346667","65172799"
"717637440","806309215","65171215"
"55227802","65183195","65183194"
"824153093","880280494","65172902"
"822661236","65172276","879265696"
"55230058","65182077","65182075"
"1220137739","65174806","1158000085"
"55226373","65174777","65174776"
